Date,Clicks,Impressions,CTR,Position
2026-07-16,322,5013,6.42%,6.5
2026-07-17,258,4716,5.47%,6.7
2026-07-18,238,4374,5.44%,6.7
2026-07-19,243,4213,5.77%,6.8
2026-07-20,303,5403,5.61%,6.9
2026-07-21,287,5262,5.45%,6.7
2026-07-22,284,5123,5.54%,6.8
2026-07-23,295,5459,5.4%,6.7
2026-07-24,282,5308,5.31%,7.4
2026-07-25,208,4776,4.36%,7.1
2026-07-26,244,5339,4.57%,7
2026-07-27,309,5732,5.39%,7.1
2026-07-28,301,6251,4.82%,7.1
2026-07-29,348,6148,5.66%,6.9
2026-07-30,336,6602,5.09%,7.2
2026-07-31,336,6166,5.45%,7
2026-08-01,256,5606,4.57%,7.3
2026-08-02,281,5427,5.18%,7.4
2026-08-03,358,6814,5.25%,7
2026-08-04,331,6892,4.8%,6.8
2026-08-05,328,7488,4.38%,6.8
2026-08-06,360,7201,5%,6.7
2026-08-07,338,7162,4.72%,6.8
2026-08-08,325,5798,5.61%,6.2
2026-08-09,336,5755,5.84%,7
2026-08-10,376,6410,5.87%,6.8
2026-08-11,373,6339,5.88%,6.6
2026-08-12,407,6842,5.95%,7
2026-08-13,361,6283,5.75%,7
2026-08-14,292,4701,6.21%,6.9
2026-08-15,245,4521,5.42%,7.4
2026-08-16,235,4311,5.45%,7.1
2026-08-17,293,5031,5.82%,6.9
2026-08-18,384,7174,5.35%,7.4
2026-08-19,421,9558,4.4%,7.3
2026-08-20,315,9242,3.41%,7.3
2026-08-21,283,7977,3.55%,6.8
2026-08-22,279,8709,3.2%,7.2
2026-08-23,246,9731,2.53%,7.1
2026-08-24,299,11541,2.59%,6.6
2026-08-25,277,9494,2.92%,7.7
2026-08-26,234,9561,2.45%,7
2026-08-27,280,9854,2.84%,7.4
2026-08-28,262,9313,2.81%,7.4
2026-08-29,279,9738,2.87%,8.2
2026-08-30,367,11121,3.3%,7.8
2026-08-31,326,10004,3.26%,7.4
2026-09-01,310,10222,3.03%,7.1
2026-09-02,358,10750,3.33%,6.9
2026-09-03,487,10770,4.52%,6.4
2026-09-04,361,11681,3.09%,6.5
2026-09-05,305,10537,2.89%,6.5
2026-09-06,365,9943,3.67%,6.2
2026-09-07,410,13635,3.01%,6.1
2026-09-08,529,15587,3.39%,6.3
2026-09-09,485,16363,2.96%,6
2026-09-10,445,14909,2.98%,6
2026-09-11,401,13234,3.03%,6.4
2026-09-12,359,11469,3.13%,6.2
2026-09-13,391,11818,3.31%,6
2026-09-14,442,13561,3.26%,5.9
2026-09-15,406,13737,2.96%,6.4
2026-09-16,395,14477,2.73%,6.2
2026-09-17,407,13534,3.01%,5.6
2026-09-18,385,11885,3.24%,6
2026-09-19,381,9981,3.82%,6.3
2026-09-20,356,10245,3.47%,6.5
2026-09-21,346,12182,2.84%,6.5
2026-09-22,394,11613,3.39%,6.5
2026-09-23,368,10843,3.39%,6.6
2026-09-24,340,11226,3.03%,6.9
2026-09-25,337,12386,2.72%,6.9
2026-09-26,347,26039,1.33%,6.8
2026-09-27,349,9542,3.66%,6.4
2026-09-28,403,13066,3.08%,6.4
2026-09-29,423,13516,3.13%,6.2
