Country,Clicks,Impressions,CTR,Position
Pakistan,20217,515526,3.92%,6.36
India,2891,77874,3.71%,6.34
United Arab Emirates,387,19231,2.01%,6.71
United Kingdom,358,12184,2.94%,7
United States,351,14865,2.36%,8.07
Saudi Arabia,350,14218,2.46%,7.18
Canada,164,6069,2.7%,6.98
Denmark,83,613,13.54%,3.79
Germany,71,1429,4.97%,6.44
Australia,68,2149,3.16%,7.2
Qatar,61,3181,1.92%,6.84
Bangladesh,44,1288,3.42%,14.29
Italy,43,921,4.67%,7.87
Spain,39,815,4.79%,13.71
Netherlands,35,830,4.22%,8.25
Oman,30,1165,2.58%,6.9
Malaysia,30,1099,2.73%,16.24
Indonesia,25,964,2.59%,26.14
France,24,797,3.01%,13.83
Russia,21,506,4.15%,18.15
Kuwait,20,525,3.81%,7.09
Turkey,17,584,2.91%,25.83
Chile,16,74,21.62%,6.66
Sweden,15,365,4.11%,6.58
Singapore,14,313,4.47%,6.52
Ireland,13,407,3.19%,6.87
Norway,13,339,3.83%,7.54
China,13,178,7.3%,6.4
South Africa,12,589,2.04%,7.47
Belgium,12,279,4.3%,7.39
Japan,12,214,5.61%,5.54
Nepal,11,420,2.62%,6.34
Iran,11,266,4.14%,6.79
Afghanistan,11,177,6.21%,6.66
Iraq,10,341,2.93%,10.02
Bahrain,8,1475,0.54%,7.34
New Zealand,8,226,3.54%,7.99
Myanmar (Burma),7,198,3.54%,6.08
Brazil,7,181,3.87%,8.91
South Korea,7,107,6.54%,6.19
Switzerland,5,223,2.24%,7.92
Hong Kong,5,163,3.07%,6.5
Portugal,5,143,3.5%,7.26
Taiwan,5,33,15.15%,4.52
Bulgaria,5,26,19.23%,4.23
Philippines,4,1088,0.37%,32.63
Mauritius,4,105,3.81%,7.79
Romania,4,82,4.88%,6.24
Thailand,3,505,0.59%,25.95
Austria,3,161,1.86%,4.87
Egypt,3,109,2.75%,7.67
Greece,3,103,2.91%,10.44
Poland,3,97,3.09%,8.41
Estonia,3,34,8.82%,5.29
Ethiopia,3,25,12%,5.96
Morocco,2,259,0.77%,25.54
Jordan,2,248,0.81%,23.1
Nigeria,2,68,2.94%,6
Kenya,2,62,3.23%,8.95
Uzbekistan,2,52,3.85%,5.67
Hungary,2,40,5%,9.62
Tanzania,2,33,6.06%,7.79
Libya,2,25,8%,7.2
Panama,2,12,16.67%,7.67
Vietnam,1,1333,0.08%,28.14
Algeria,1,203,0.49%,27.13
Cyprus,1,130,0.77%,7.84
Finland,1,99,1.01%,6.72
Sri Lanka,1,65,1.54%,8.22
Fiji,1,51,1.96%,4.8
Czechia,1,46,2.17%,8.07
Kyrgyzstan,1,36,2.78%,7.67
Malta,1,28,3.57%,7.86
Azerbaijan,1,26,3.85%,6.04
Lebanon,1,25,4%,6.64
Brunei,1,25,4%,8.16
Albania,1,24,4.17%,6.33
Slovenia,1,11,9.09%,5.82
Ecuador,1,11,9.09%,12.64
Dominican Republic,1,10,10%,8.9
Croatia,1,8,12.5%,6.38
Yemen,1,7,14.29%,5.57
Macedonia,1,5,20%,6.6
Jersey,1,3,33.33%,4.33
Cameroon,1,1,100%,1
Mexico,0,337,0%,35.06
Ukraine,0,241,0%,25.19
Ghana,0,66,0%,6.71
Swaziland,0,47,0%,7.32
Maldives,0,42,0%,7.69
Uganda,0,31,0%,6.48
Israel,0,31,0%,8.65
Colombia,0,31,0%,9.52
Argentina,0,30,0%,13.83
Syria,0,27,0%,10.74
Peru,0,25,0%,7.92
Bosnia & Herzegovina,0,25,0%,9.88
Lithuania,0,23,0%,5.74
Kosovo,0,23,0%,6.91
Cambodia,0,22,0%,7.68
Tunisia,0,20,0%,5.45
Malawi,0,18,0%,5.5
Georgia,0,18,0%,6.89
Kazakhstan,0,18,0%,8.94
Congo - Kinshasa,0,15,0%,6.2
Bhutan,0,14,0%,7.86
Zambia,0,14,0%,11.57
Mozambique,0,13,0%,4.92
Trinidad & Tobago,0,13,0%,5.23
Latvia,0,13,0%,18.62
Papua New Guinea,0,11,0%,5.64
Angola,0,11,0%,8.09
Venezuela,0,11,0%,8.09
Luxembourg,0,10,0%,8.1
Madagascar,0,9,0%,5.56
Serbia,0,8,0%,4.75
Seychelles,0,7,0%,2.43
Belarus,0,7,0%,4.57
Barbados,0,7,0%,7.29
Côte d’Ivoire,0,7,0%,16.29
Guam,0,6,0%,5.33
Tajikistan,0,6,0%,5.5
Rwanda,0,6,0%,5.83
Botswana,0,6,0%,6.17
Iceland,0,6,0%,6.17
Guinea,0,6,0%,7.5
Palestine,0,6,0%,8.33
Sudan,0,5,0%,3.8
Armenia,0,5,0%,6.8
Somalia,0,5,0%,7.2
Zimbabwe,0,5,0%,7.2
Senegal,0,5,0%,8
Jamaica,0,5,0%,8.2
Uruguay,0,5,0%,12.6
Puerto Rico,0,4,0%,2.5
Haiti,0,4,0%,4.75
Belize,0,4,0%,9.75
Honduras,0,4,0%,13
Costa Rica,0,4,0%,13.5
Nicaragua,0,3,0%,3.33
Suriname,0,3,0%,3.67
Mongolia,0,3,0%,4.67
Togo,0,3,0%,12.33
Bolivia,0,3,0%,14.67
Paraguay,0,3,0%,15
Laos,0,2,0%,3
Turkmenistan,0,2,0%,3.5
Aruba,0,2,0%,4
Equatorial Guinea,0,2,0%,4.5
Moldova,0,2,0%,4.5
Antarctica,0,2,0%,5
Macau,0,2,0%,5
Mali,0,2,0%,5.5
Guyana,0,2,0%,6
Slovakia,0,2,0%,6
Samoa,0,2,0%,6
Liberia,0,2,0%,6.5
Mauritania,0,2,0%,6.5
Montenegro,0,2,0%,7.5
Niger,0,2,0%,8
El Salvador,0,2,0%,9
Guatemala,0,2,0%,12
Guadeloupe,0,1,0%,1
Vanuatu,0,1,0%,1
Cuba,0,1,0%,3
Cayman Islands,0,1,0%,3
Gabon,0,1,0%,4
Isle of Man,0,1,0%,4
Kiribati,0,1,0%,5
Sint Maarten,0,1,0%,5
Lesotho,0,1,0%,7
Sierra Leone,0,1,0%,7
St. Vincent & Grenadines,0,1,0%,7
Bahamas,0,1,0%,9
Gambia,0,1,0%,9
Burkina Faso,0,1,0%,11
Namibia,0,1,0%,75
