Top pages,Clicks,Impressions,CTR,Position
https://write-urdu.com/,12411,389601,3.19%,6.6
https://www.write-urdu.com/,4150,86686,4.79%,6.57
https://write-urdu.com/stylish-urdu-text-generator,3459,35367,9.78%,5.18
https://write-urdu.com/urdu-editor,2796,42749,6.54%,7.38
https://www.write-urdu.com/urdu-editor,753,12956,5.81%,10.44
https://write-urdu.com/tools/inpage-unicode-converter,450,82953,0.54%,6.72
https://write-urdu.com/urdu-typing-practice,326,4664,6.99%,5.79
https://write-urdu.com/urdu/,290,3984,7.28%,9.13
https://write-urdu.com/urdu-name-art-maker,187,4309,4.34%,5.29
https://write-urdu.com/tools/urdu-voice-typing,186,4042,4.6%,6.73
https://write-urdu.com/urdu-ocr,138,2967,4.65%,6.43
https://write-urdu.com/roman-urdu-transliteration,120,45493,0.26%,6.73
https://write-urdu.com/urdu-card-studio,118,2141,5.51%,5.63
https://write-urdu.com/urdu-invoice-generator,63,1815,3.47%,5.7
https://write-urdu.com/urdu-keyboard,62,6489,0.96%,9.49
https://write-urdu.com/urdu-editor-features,55,1682,3.27%,9.65
https://write-urdu.com/how-to-write-urdu-on-photo,53,1323,4.01%,5.33
https://write-urdu.com/urdu-templates,46,1309,3.51%,6.06
https://write-urdu.com/urdu-writing-templates,17,504,3.37%,7
https://write-urdu.com/urdu-instagram-post-maker,17,484,3.51%,5.05
https://write-urdu.com/english-urdu-typing-tutorial,14,743,1.88%,16.11
https://write-urdu.com/urdu-alphabet,13,1704,0.76%,15.2
https://write-urdu.com/qr-code-generator,13,519,2.5%,6.02
https://www.write-urdu.com/write-urdu-features,10,502,1.99%,37.97
https://write-urdu.com/write-urdu-features,10,451,2.22%,30.64
https://www.write-urdu.com/urdu-keyboard,9,1630,0.55%,22.28
https://write-urdu.com/write-urdu-documentation,9,1265,0.71%,12.93
https://write-urdu.com/urdu-whatsapp-status-maker,9,836,1.08%,6.11
https://write-urdu.com/urdu-bill-generator,7,91,7.69%,4.73
https://www.write-urdu.com/urdu-editor-features,6,239,2.51%,17.56
https://write-urdu.com/urdu/urdu-editor,5,96,5.21%,26.91
https://write-urdu.com/why-write-urdu,4,973,0.41%,23.91
https://www.write-urdu.com/urdu-card-studio,4,499,0.8%,5.46
https://www.write-urdu.com/tools/urdu-voice-typing,4,281,1.42%,27.42
https://www.write-urdu.com/write-urdu-documentation,3,145,2.07%,8.02
https://write-urdu.com/urdu/tools/urdu-voice-typing,3,91,3.3%,29.84
https://write-urdu.com/urdu/urdu-card-studio,3,39,7.69%,9.54
https://www.write-urdu.com/urdu-keyboard.html,2,142,1.41%,6.15
https://write-urdu.com/urdu-phrases-copy-paste,2,70,2.86%,7.79
https://write-urdu.com/write-urdu-sitemap,2,56,3.57%,23.3
https://write-urdu.com/urdu-cards,2,34,5.88%,4.41
https://write-urdu.com/how-to-share-urdu-writing-online,1,280,0.36%,6.49
https://www.write-urdu.com/urdu-templates,1,133,0.75%,5.56
https://www.write-urdu.com/contact,1,94,1.06%,14.97
https://write-urdu.com/urdu/urdu-keyboard,1,85,1.18%,14.24
https://www.write-urdu.com/write-urdu-search,1,45,2.22%,25.6
https://www.write-urdu.com/urdu-faq,1,42,2.38%,4.83
https://write-urdu.com/urdu-editor/,1,19,5.26%,1.89
https://write-urdu.com/urdu-card-gallery,1,12,8.33%,6.25
https://write-urdu.com/urdu/urdu-writing-templates,1,12,8.33%,53.5
https://write-urdu.com/roman-transliteration,1,4,25%,2.5
https://write-urdu.com/roman-urdutransliteration,1,4,25%,2.75
https://write-urdu.com/urdu/urdu-card-studio?role=facebook,1,4,25%,19.5
https://write-urdu.com/roman-orthography-transliteration,1,3,33.33%,1
https://write-urdu.com/write-urdu-on-photos,1,1,100%,1
https://write-urdu.com/urdu-typing-practice/,1,1,100%,2
https://www.write-urdu.com/urdu-card-gallery,1,1,100%,2
https://www.write-urdu.com/urdu-invoice-generator,0,338,0%,5.4
https://write-urdu.com/urdu-text-cleaner,0,232,0%,5.45
https://www.write-urdu.com/qr-code-generator,0,190,0%,6.19
https://write-urdu.com/urdu-fonts-nastaliq-vs-naskh,0,180,0%,6.81
https://www.write-urdu.com/urdu-alphabet,0,144,0%,20.1
https://www.write-urdu.com/urdu-alphabet.html,0,142,0%,6.15
https://www.write-urdu.com/urdu-editor.html,0,138,0%,6.14
https://www.write-urdu.com/index.html,0,138,0%,6.14
https://www.write-urdu.com/english-urdu-typing-tutorial,0,135,0%,36.7
https://write-urdu.com/urdu-card-studio?role=facebook,0,121,0%,6.21
https://www.write-urdu.com/why-write-urdu,0,118,0%,33.25
https://write-urdu.com/changelog,0,116,0%,44.28
https://www.write-urdu.com/stylish-urdu-text-generator,0,92,0%,5.92
https://write-urdu.com/write-urdu-privacy,0,86,0%,8.13
https://www.write-urdu.com/write-urdu-privacy,0,76,0%,8.39
https://write-urdu.com/urdu-faq,0,60,0%,11.38
https://www.write-urdu.com/urdu-ocr,0,55,0%,10.05
https://www.write-urdu.com/write-urdu-features.html,0,53,0%,6.09
https://www.write-urdu.com/english-urdu-typing-tutorial.html,0,53,0%,6.11
https://www.write-urdu.com/write-urdu-feedback.html,0,50,0%,6.14
https://write-urdu.com/urdu/urdu-alphabet,0,40,0%,8.1
https://www.write-urdu.com/roman-urdu-transliteration,0,26,0%,8.38
https://write-urdu.com/urdu-wedding-invitation-maker,0,20,0%,7.55
https://write-urdu.com/urdu/how-to-write-urdu-on-photo,0,13,0%,3.31
https://write-urdu.com/community-guidelines,0,13,0%,5.77
https://write-urdu.com/contact,0,12,0%,4.83
https://www.write-urdu.com/write-urdu-feedback,0,9,0%,3
https://write-urdu.com/urdu/urdu-card-gallery,0,9,0%,8.11
https://www.write-urdu.com/write-urdu-sitemap,0,9,0%,19
https://write-urdu.com/index.html,0,8,0%,5.25
https://write-urdu.com/urdu-alphabet.html,0,8,0%,5.25
https://write-urdu.com/urdu-keyboard.html,0,8,0%,5.25
https://write-urdu.com/urdu-editor.html,0,7,0%,4.71
https://write-urdu.com/arabic-keyboard,0,6,0%,7.5
https://write-urdu.com/urdu-keyboard/,0,5,0%,1.2
https://write-urdu.com/english-urdu-typing-tutorial.html,0,4,0%,4
https://write-urdu.com/urdu/urdu-faq,0,4,0%,4.75
https://write-urdu.com/10-years-of-write-urdu,0,4,0%,7
https://write-urdu.com/stylish-urdu-name-styles-copy-and-paste,0,3,0%,1
https://write-urdu.com/write-urdu.com/urdu-name-art-maker,0,3,0%,1
https://write-urdu.com/stylish-ur-text-generator,0,3,0%,1.33
https://write-urdu.com/write-urdu-features.html,0,3,0%,2.33
https://write-urdu.com/write-urdu-feedback.html,0,3,0%,2.33
https://www.write-urdu.com/how-to-share-urdu-writing-online,0,3,0%,3.33
https://www.write-urdu.com/roman-urdu-transliteration.html,0,3,0%,17.33
http://www.write-urdu.com/,0,2,0%,1
https://write-urdu.com/stylish-text-generator,0,2,0%,1
https://write-urdu.com/urdu-alphabet/,0,2,0%,1
https://write-urdu.com/stylish-stylish-urdu-text-generator,0,2,0%,2.5
https://write-urdu.com/stylish-urdutext-generator,0,2,0%,3
https://www.write-urdu.com/10-years-of-write-urdu,0,2,0%,6
https://write-urdu.com/urdu-card-studio?social=whatsapp,0,2,0%,10
https://ur.write-urdu.com/,0,1,0%,1
https://write-urdu.com/how-to-write-on-photo,0,1,0%,1
https://write-urdu.com/how-to-write-urdo-on-photo,0,1,0%,1
https://write-urdu.com/stylish-aesthetic-text,0,1,0%,1
https://write-urdu.com/stylish-urad-text-generator,0,1,0%,1
https://write-urdu.com/stylish-uratd-text-generator,0,1,0%,1
https://write-urdu.com/stylish-urdu-name-starles,0,1,0%,1
https://write-urdu.com/stylish-urdu-text-generator/,0,1,0%,1
https://write-urdu.com/stylish-uvdu-text-generator,0,1,0%,1
https://write-urdu.com/to-write-urdu-on-photo,0,1,0%,1
https://write-urdu.com/urdu-script,0,1,0%,1
https://write-urdu.com/urdu-text-editor,0,1,0%,1
https://write-urdu.com/urdudesigner/videos/urdu-designer-app-advanced-ai-feature-create-urdu-or-any-language-posters-design/1153426106607218/,0,1,0%,1
https://write-urdu.com/urduelement/urdu-name-art,0,1,0%,1
https://write-urdu.com/write-urdu,0,1,0%,1
https://write-urdu.com/write-urdu-on-photo,0,1,0%,1
https://write-urdu.com/stylish-urgent-text-generator,0,1,0%,2
https://write-urdu.com/write-urdu-editor,0,1,0%,2
https://write-urdu.com/stylish-urud-text-generator,0,1,0%,3
https://write-urdu.com/urdu-whatsapp-startus-maker,0,1,0%,3
https://space.write-urdu.com/roman-urdu-transliteration,0,1,0%,4
https://write-urdu.com/english-to-urdu,0,1,0%,6
https://www.write-urdu.com/urdu-editor-features.html,0,1,0%,10
