Top queries,Clicks,Impressions,CTR,Position
urdu stylish text generator,851,3721,22.87%,4.88
urdu writing online,641,2822,22.71%,2.54
urdu typing,471,27294,1.73%,6.56
write urdu,449,1400,32.07%,2.17
urdu writer,411,1075,38.23%,2.54
urdu editor online,364,736,49.46%,1.35
write urdu online,361,1137,31.75%,2.49
online urdu editor,352,686,51.31%,1.88
urdu editor,300,791,37.93%,2.16
urdu typing online,286,9311,3.07%,5.8
urdu stylish text generator copy and paste,282,1763,16%,5.42
urdu writing,269,14868,1.81%,6.17
inpage online,223,2620,8.51%,4.61
write in urdu,201,5269,3.81%,4.78
urdu text editor,196,379,51.72%,3.65
urdu text generator,184,1512,12.17%,4.95
inpage to unicode,155,16062,0.97%,4.33
online urdu typing,141,5074,2.78%,5.92
urdu font changer,140,1205,11.62%,4.37
english to urdu typing,135,164935,0.08%,7.02
online urdu writing,119,460,25.87%,2.43
urdu font generator,112,2347,4.77%,6.65
online inpage urdu,104,708,14.69%,3.76
online inpage,103,995,10.35%,4.05
urdu text,96,4979,1.93%,6.14
urdu notepad,95,195,48.72%,2.07
write name in urdu style,91,2639,3.45%,5.46
urdu writing style,91,1649,5.52%,5.92
urdu inpage online,91,754,12.07%,3.77
unicode to inpage,85,38135,0.22%,7.59
urdu write,83,673,12.33%,4.05
urdu writer online,81,289,28.03%,3.34
urdu fonts copy and paste,80,2582,3.1%,7.5
urdu keyboard online,79,9360,0.84%,7.42
urdu stylish name maker,76,1201,6.33%,5.74
urdu word document,70,151,46.36%,1.44
urdu page writing,67,656,10.21%,2.81
urdu text writer,64,107,59.81%,2.69
type urdu online,63,1061,5.94%,5.95
urdu document maker,63,192,32.81%,3.81
urdu typing practice,61,681,8.96%,5.58
urdu print,59,355,16.62%,2.86
urdu notepad online,59,108,54.63%,3.57
urdu writing online free,58,199,29.15%,3.19
urdu print online,57,97,58.76%,3.18
urdu text editor online,55,133,41.35%,6.68
online urdu font changer,54,123,43.9%,4.26
change urdu font online,53,97,54.64%,2.1
urdu keyboard,50,8126,0.62%,8.91
inpage online free,50,495,10.1%,4.63
inpage urdu online,49,486,10.08%,4.45
roman urdu to urdu,47,4862,0.97%,8.6
urdu online editor,47,101,46.53%,2.99
online urdu inpage,46,293,15.7%,3.6
urdu stylish keyboard,46,163,28.22%,4.63
online urdu editor free,46,129,35.66%,2.29
online urdu text editor,46,85,54.12%,2.58
online urdu,45,446,10.09%,4.67
urdu composing online,44,81,54.32%,4.4
online urdu typing and print,44,74,59.46%,6.91
urdu font changer online,43,185,23.24%,3.54
urdu font style online,41,569,7.21%,6.4
urdu note pad,38,90,42.22%,2.18
urdu typing keyboard,37,3147,1.18%,8.82
urdu fonts generator,36,768,4.69%,7.07
urdu fonts online,36,589,6.11%,6.88
urdu fancy text generator,36,389,9.25%,6.21
urdu typing online free,35,615,5.69%,5.95
urdu online,35,314,11.15%,6.87
stylish urdu text generator,35,242,14.46%,5.19
urdu typing online and print,35,65,53.85%,5.28
write in urdu text,34,1727,1.97%,5.2
urdu fonts copy paste,34,1098,3.1%,7.52
urdu font online,33,246,13.41%,4.78
urdu text online,32,199,16.08%,2.92
urdu application writing online,32,68,47.06%,3.87
online urdu writer,32,60,53.33%,8.55
online urdu keyboard,31,3517,0.88%,6.89
stylish text urdu,30,138,21.74%,5.28
stylish urdu writing,30,100,30%,2.55
online urdu application writing,30,60,50%,6.65
type in urdu,28,2120,1.32%,6.4
urdu voice typing,28,807,3.47%,6.32
urdu rich text editor,28,36,77.78%,1.03
urdu typing test,27,873,3.09%,6.95
roman urdu to urdu typing,27,399,6.77%,5.43
inpage online typing,27,273,9.89%,3.78
urdu inpage online print,27,112,24.11%,3.16
urdu writing page,26,596,4.36%,3.6
urdu typing style,26,141,18.44%,2.89
unicode to inpage converter,25,5561,0.45%,7.8
how to write urdu,24,831,2.89%,3.19
font changer urdu,24,384,6.25%,5.11
urdu write online,24,146,16.44%,2.8
urdu application writing,24,92,26.09%,3.17
urdu text editor online free,24,71,33.8%,4.35
urdu word online,24,45,53.33%,6.04
urdu type,23,1544,1.49%,6.24
type urdu,23,1514,1.52%,6.58
urdu font copy paste,23,515,4.47%,6.96
urdu font style text copy and paste,23,435,5.29%,6.66
stylish text generator urdu,23,288,7.99%,6.3
online inpage urdu typing,23,220,10.45%,2.85
urdu document,23,129,17.83%,2.84
urdu composing,23,126,18.25%,3.27
urdu text writing,23,97,23.71%,6.9
stylish name urdu,22,675,3.26%,4.18
urdu font change online,22,50,44%,4.98
urdu ms word online,21,42,50%,2.71
inpage to unicode converter,20,2455,0.81%,4.95
roman english to urdu typing,20,580,3.45%,4.77
fancy urdu text generator,20,189,10.58%,4.96
urdu in page online,20,144,13.89%,2.62
stylish urdu text,20,131,15.27%,6.27
online urdu typing and download,20,65,30.77%,1.68
urdu text writer online,20,54,37.04%,5.3
urdu format online,20,45,44.44%,1
online urdu writing and printing,20,38,52.63%,10.11
english to urdu keyboard,19,886,2.14%,7.48
urdu type online,19,489,3.89%,4.81
write in urdu online,19,165,11.52%,4.86
english to urdu writing,18,1317,1.37%,7.48
urdu typer,18,855,2.11%,6.53
urdu typing software,18,519,3.47%,3.92
urdu generator,18,123,14.63%,5.49
inpage urdu online free,18,119,15.13%,5.03
urdu editing,18,105,17.14%,1.61
stylish urdu keyboard,18,98,18.37%,5.53
urdu editor online free,18,44,40.91%,1.27
urdu text print online,18,31,58.06%,1.03
urdu typing practice online,17,149,11.41%,6.61
print urdu text online,17,42,40.48%,5.29
urdu script writer,17,39,43.59%,10.1
how to write in urdu,16,1109,1.44%,4.1
english to urdu stylish name,16,586,2.73%,6.2
urdu designer online,16,417,3.84%,7.4
stylish name maker urdu,16,298,5.37%,5.97
urdu font converter,16,153,10.46%,5.92
urdu font change,16,124,12.9%,5.7
urdu fonts online copy paste,16,82,19.51%,6.26
urdu word document online,16,55,29.09%,4.65
urdu document editor,16,55,29.09%,7.25
urdu page writing online,16,43,37.21%,1.02
online urdu document maker,16,36,44.44%,6.61
english to urdu font style,15,228,6.58%,6.34
urdu text style,15,201,7.46%,8.97
urdu typing page,15,164,9.15%,6
urdu stylish writing,15,130,11.54%,5.15
writing urdu online,15,60,25%,7.4
write in urdu from english,14,1042,1.34%,5.57
urdu online typing,14,924,1.52%,6.29
roman to urdu typing,14,375,3.73%,5.7
urdu text copy paste,14,311,4.5%,5.54
urdu font generator copy and paste,14,242,5.79%,6.64
urdu voice typing online,14,134,10.45%,4.2
stylish urdu name maker,14,94,14.89%,5.91
urdu write style,14,87,16.09%,3.07
urdu text font changer,14,62,22.58%,4.03
stylish urdu typing,14,44,31.82%,2.86
english to urdu stylish text,13,237,5.49%,4.73
roman urdu typing,13,169,7.69%,3.2
write urdu text,13,123,10.57%,3.77
urdu style,13,67,19.4%,6.46
writing in urdu online,13,51,25.49%,15.37
urdu style text generator,13,49,26.53%,5.16
urdu writter,13,34,38.24%,9.41
english to urdu typing keyboard,12,1311,0.92%,6.98
urdu online keyboard,12,967,1.24%,7.37
urdu text style copy paste,12,218,5.5%,7.35
urdu script writing,12,199,6.03%,4.25
online urdu fonts,12,115,10.43%,6.77
online urdu font,12,65,18.46%,4.6
online urdu font generator,12,55,21.82%,3.98
stylish font urdu copy paste,12,47,25.53%,4.57
urdu edit,12,40,30%,5.88
online urdu word editor,12,29,41.38%,6.97
urdu file maker,12,27,44.44%,12.19
urdu typing and printing online,12,18,66.67%,18
writing in urdu,11,824,1.33%,4.91
write english to urdu,11,609,1.81%,5.73
urdu copy paste,11,528,2.08%,5.23
urdu stylish name,11,282,3.9%,5.63
english to urdu typing online,11,273,4.03%,5.1
font generator urdu,11,245,4.49%,7.6
fancy text generator urdu,11,184,5.98%,6.77
how to type in urdu,11,169,6.51%,5.17
urdu stylish text,11,162,6.79%,7.52
inpage urdu free online,11,156,7.05%,4.56
urdu typing practice for beginners,11,98,11.22%,7.2
stylish keyboard urdu,11,85,12.94%,4.72
urdu inpage online free,11,82,13.41%,3.05
online inpage editor,11,75,14.67%,5.4
stylish urdu,11,68,16.18%,5.72
change urdu font,11,49,22.45%,4.18
ms word in urdu online,11,48,22.92%,1.54
urdu text design online,11,42,26.19%,11.05
urdu style writing,11,29,37.93%,1.62
urdu written,10,741,1.35%,7.39
writing urdu,10,289,3.46%,5.51
write my name in urdu,10,268,3.73%,6.94
urdu text style generator,10,167,5.99%,5.09
urdu format,10,116,8.62%,5.28
stylish urdu font generator,10,111,9.01%,6.59
urdu stylish text generator copy and paste for instagram,10,108,9.26%,5.42
inpage urdu typing online,10,104,9.62%,3.33
urdu stylish fonts copy paste,10,95,10.53%,7.27
urdu document writer,10,31,32.26%,13.1
urdu page online,10,23,43.48%,7.04
urdu editing online,10,17,58.82%,11.65
typing in urdu,9,512,1.76%,6.82
urdu writting,9,351,2.56%,5.93
urdu font style text,9,218,4.13%,8.63
type in urdu online,9,202,4.46%,5.38
iphone urdu font style copy paste,9,192,4.69%,5.83
urdu name style,9,191,4.71%,4.79
urdu writing app,9,185,4.86%,6.27
urdu writing software,9,171,5.26%,7.56
urdu name generator,9,128,7.03%,6.48
inpage free online,9,90,10%,6.16
roman urdu keyboard,9,89,10.11%,6.17
online in page,9,77,11.69%,4.23
urdu font writer,9,59,15.25%,5.25
unicode urdu to inpage urdu converter,8,2326,0.34%,6.76
english to urdu font,8,231,3.46%,6.52
urdu typing master,8,159,5.03%,8.45
urdu stylish font generator,8,148,5.41%,6.53
stylish writing in urdu,8,82,9.76%,5.35
how to write my name in urdu,8,71,11.27%,4.35
urdu font style generator,8,65,12.31%,6.31
online font changer urdu,8,55,14.55%,4.44
urdu writing design,8,53,15.09%,4.17
urdu script generator,8,50,16%,3.24
stylish font urdu,8,45,17.78%,9.91
urdu online writing,8,28,28.57%,17.43
urdu text style changer,8,25,32%,3.52
inpage converter,7,651,1.08%,6.14
typing urdu,7,541,1.29%,7.52
urdu type writer,7,247,2.83%,5.35
urdu bold text generator,7,247,2.83%,7.95
urdu typing in word,7,214,3.27%,6.83
english to urdu typing google,7,166,4.22%,9.16
in page online,7,104,6.73%,4.41
online urdu typing test,7,101,6.93%,8.54
english to urdu keyboard online,7,100,7%,5.51
urdu text converter,7,95,7.37%,6.07
urdu fonts changer,7,79,8.86%,5.08
urdu file,7,78,8.97%,3.55
text generator urdu,7,76,9.21%,5.68
urdu editing app,7,69,10.14%,7.1
urdu writes,7,68,10.29%,1.74
english to urdu font generator,7,63,11.11%,5
change urdu font style,7,59,11.86%,5.49
urdu stylish text generator for instagram,7,50,14%,5.62
urdu stylish fonts generator,7,46,15.22%,7.59
write application in urdu,7,25,28%,6.92
typing practice urdu,7,22,31.82%,7.32
write urdu application online,7,12,58.33%,1
urdu typing design,7,12,58.33%,4.83
english to urdu,6,8153,0.07%,6.24
roman to urdu,6,724,0.83%,7.23
urdu typing keyboard online,6,436,1.38%,7.83
in page urdu typing,6,329,1.82%,6.86
urdu paragraph for typing,6,292,2.05%,6.32
urdu writer app,6,109,5.5%,5.68
inpage online editor,6,61,9.84%,5.1
urdu text design,6,56,10.71%,7.32
online urdu designer,6,49,12.24%,10.14
urdu fonts copy paste for instagram,6,46,13.04%,3.61
stylish text generator in urdu,6,46,13.04%,5.28
learn urdu typing,6,46,13.04%,7.09
urdu typing practice online free,6,46,13.04%,7.3
urdu text box,6,43,13.95%,2.49
urdu font text generator,6,40,15%,4.38
inpage urdu online editor,6,39,15.38%,4.28
urdu font online generator,6,39,15.38%,6.82
urdu typing tutor,6,38,15.79%,4.84
urdu format in word,6,37,16.22%,4.32
urdu page typing,6,24,25%,1.33
online notepad urdu,6,22,27.27%,1.14
english to urdu text,5,8826,0.06%,9.75
easy urdu typing,5,1949,0.26%,7.3
text in urdu,5,697,0.72%,8.44
urdu page,5,368,1.36%,5.33
written urdu,5,328,1.52%,7.52
urdu letters writing,5,239,2.09%,7.63
english to roman urdu typing,5,183,2.73%,6.31
english to urdu writer,5,162,3.09%,4.72
english urdu typing,5,154,3.25%,6.06
urdu pdf editor,5,136,3.68%,10.05
urdu typing speed test,5,121,4.13%,5.79
urdu font style text generator,5,120,4.17%,6.71
urdu letter writing,5,103,4.85%,6.3
urdu easy typing,5,92,5.43%,4.62
writing styles in urdu,5,88,5.68%,6.81
write urdu in ms word,5,83,6.02%,6.71
roman urdu to urdu converter,5,72,6.94%,8.49
urdu typing online test,5,71,7.04%,7.01
online urdu typing practice,5,65,7.69%,6.86
urdu stylish typing,5,63,7.94%,5.79
urdu fonts generator copy and paste,5,54,9.26%,7.02
urdu typist,5,50,10%,5.52
write urdu in english,5,50,10%,5.86
urdu font maker,5,48,10.42%,5.75
online inpage typing,5,46,10.87%,3.54
urdu font changer copy paste,5,41,12.2%,5.27
urdu written text,5,39,12.82%,4.59
urdu stylish font copy paste,5,39,12.82%,6.79
speak to write urdu,5,38,13.16%,6.68
urdu font stylish,5,38,13.16%,17.16
urdu font converter online,5,35,14.29%,4.03
image to urdu text converter online free,5,34,14.71%,6.26
urdu nickname generator,5,32,15.62%,5.56
urdu writing style copy paste,5,27,18.52%,4.96
inpage online urdu typing,5,19,26.32%,2.47
style urdu,5,15,33.33%,3.67
urdu writing website,5,13,38.46%,1
urdu typing print,5,12,41.67%,11.42
urdu typewriter,4,516,0.78%,6.97
urdu keyboard online typing,4,349,1.15%,7.75
unicode inpage,4,241,1.66%,6.54
urdu to roman urdu,4,221,1.81%,10.38
how to write urdu in ms word,4,209,1.91%,8.45
stylish name in urdu,4,201,1.99%,4.78
urdu letters copy paste,4,185,2.16%,7.2
english to urdu text generator,4,153,2.61%,5.89
urdu typer online,4,136,2.94%,5.09
urdu designer online free,4,129,3.1%,7.67
urdu font style copy paste,4,117,3.42%,9.62
urdu typing test online,4,98,4.08%,11.03
inpage online urdu,4,96,4.17%,4.68
inpage to text converter,4,96,4.17%,5.98
urdu keyboard online free,4,87,4.6%,7.28
urdu style text,4,86,4.65%,7.09
urdu fancy name maker,4,76,5.26%,5.21
stylish writing urdu,4,74,5.41%,6.01
stylish urdu fonts copy paste,4,66,6.06%,7.5
urdu writing in ms word,4,64,6.25%,7.58
typing test urdu,4,58,6.9%,7.91
write urdu text on image online,4,55,7.27%,10.6
urdu name copy paste,4,51,7.84%,6.02
urdu typing stylish,4,48,8.33%,5.15
urdu practice typing,4,47,8.51%,6.21
urdu stylish text generator copy and paste with emoji,4,44,9.09%,5.91
how can i type urdu on my english keyboard,4,43,9.3%,3.26
stylish text in urdu,4,42,9.52%,6.07
inpage 2009 online,4,40,10%,5.58
urdu font copy paste stylish,4,40,10%,5.8
urdu text to png,4,39,10.26%,5.95
urdu writing pad,4,36,11.11%,6.22
stylish font generator urdu,4,34,11.76%,5.97
urdu text generator stylish,4,28,14.29%,5
voice typing in urdu,4,25,16%,5.88
urdu documents,4,23,17.39%,4.43
urdu to inpage converter,3,437,0.69%,7.03
text to inpage converter,3,421,0.71%,7.42
english to urdu type,3,389,0.77%,7.08
urdu typing in english,3,307,0.98%,5.81
convert inpage to unicode,3,286,1.05%,4.84
keyboard urdu typing,3,282,1.06%,8.72
inpage urdu typing,3,220,1.36%,6.67
urdu handwriting,3,213,1.41%,7.46
urdu writing paragraph,3,189,1.59%,6.98
urdu typing in ms word,3,173,1.73%,8.99
convert into urdu text,3,169,1.78%,8.73
urdu pad,3,138,2.17%,7.51
online typing urdu,3,130,2.31%,7.88
urdu text copy,3,128,2.34%,5.7
convert text into urdu,3,127,2.36%,4.8
urdu software,3,108,2.78%,5.29
voice typing urdu,3,100,3%,6.07
stylish urdu name copy paste,3,84,3.57%,5.19
font generator in urdu,3,79,3.8%,8.28
writing page in urdu,3,77,3.9%,3.56
urdu keyboard typing online,3,72,4.17%,9.29
كتابة اردو,3,63,4.76%,6.1
write in urdu language,3,62,4.84%,6.37
unicode inpage to urdu converter,3,61,4.92%,5.34
urdu typewriter online,3,61,4.92%,6.57
font style urdu copy paste,3,61,4.92%,7.41
style name urdu,3,59,5.08%,5.86
to write in urdu,3,57,5.26%,3.56
urdu font copy and paste,3,57,5.26%,6.26
urdu typing word,3,53,5.66%,6.34
page writing in urdu,3,49,6.12%,6.41
urdu text extractor from image,3,47,6.38%,5.91
urdu stylish,3,47,6.38%,7.06
urdu fonts converter,3,46,6.52%,5.28
english to urdu font converter,3,46,6.52%,6.15
urdu text to word converter,3,46,6.52%,7.46
urduwriting,3,44,6.82%,6.41
urdu in page,3,42,7.14%,3.79
unicode converter inpage,3,41,7.32%,6.12
urdu name maker,3,41,7.32%,7.29
urdu typer app,3,41,7.32%,8.05
whatsapp bio in urdu stylish,3,40,7.5%,4.33
urdu name converter,3,40,7.5%,5.8
urdu stylish fonts copy and paste,3,40,7.5%,7.28
write text in urdu,3,39,7.69%,9.33
urdu maker,3,36,8.33%,2.58
writing styles urdu,3,36,8.33%,7.08
print urdu,3,34,8.82%,1.94
unicode to inpage online,3,33,9.09%,7.64
urdu typing inpage,3,32,9.38%,5.84
urdu font writing,3,32,9.38%,7.44
urdu post maker online,3,30,10%,6.33
urdu invoice template,3,29,10.34%,4.48
urdu stylish name generator,3,29,10.34%,4.83
urdu writing application,3,29,10.34%,5.07
urdu correction online,3,28,10.71%,7.43
roman urdu to urdu converter online,3,27,11.11%,5.81
fonts generator urdu,3,26,11.54%,6.38
urdu name style font,3,26,11.54%,6.5
urdu typing speed test online,3,22,13.64%,7.82
online urdu typing test phonetic keyboard,3,21,14.29%,5.71
urdu voice typing online free,3,20,15%,7
stylish urdu fonts generator,3,18,16.67%,7.22
urdu online typing test,3,16,18.75%,10.75
roman urdu text,3,15,20%,4.67
urdu text stylish,3,15,20%,5.2
fancy urdu,3,15,20%,5.73
urdu design text,3,15,20%,6.13
name style english to urdu,3,10,30%,7.3
stylish font in urdu copy paste,3,8,37.5%,4.38
urdu typing test paragraph,3,4,75%,26.5
written in urdu,2,612,0.33%,8
how to write urdu in urdu,2,592,0.34%,6.76
inpage to unicode urdu text converter,2,327,0.61%,5.35
urdu to urdu typing,2,251,0.8%,6.8
urdu written in urdu,2,248,0.81%,6.64
urdu paragraph writing,2,241,0.83%,6.6
urdu script,2,239,0.84%,14.84
write name in urdu,2,213,0.94%,8.86
urdu to unicode,2,210,0.95%,6.13
urdu unicode,2,209,0.96%,9.11
best urdu writing,2,200,1%,6.19
free urdu typing,2,195,1.03%,6.91
typing urdu online,2,189,1.06%,7.94
unicode inpage converter,2,162,1.23%,6.62
inpage to text,2,150,1.33%,5.72
write it in urdu,2,148,1.35%,4.54
write urdu in urdu,2,147,1.36%,3.59
urdu point keyboard,2,142,1.41%,5.85
uncode urdu,2,137,1.46%,5.35
urdu typing tool,2,129,1.55%,6.48
urdu typing paragraph,2,129,1.55%,9.26
inpage convert to unicode,2,127,1.57%,5.39
urdu tipping,2,125,1.6%,5.01
unicode urdu to inpage,2,120,1.67%,7.03
best urdu fonts copy and paste,2,106,1.89%,6.53
urdu writing styles,2,103,1.94%,8.36
urdu to unicode converter,2,99,2.02%,6.58
urdu roman to urdu,2,96,2.08%,9.29
urdu writings,2,95,2.11%,6.74
उर्दू राइटिंग,2,91,2.2%,7.8
online urdu typing keyboard,2,89,2.25%,6.96
english to urdu text converter,2,88,2.27%,11.2
paper in urdu writing,2,79,2.53%,8.44
urdu language writing,2,77,2.6%,5.96
urdu writing copy paste,2,76,2.63%,6.05
urdu text typing,2,76,2.63%,6.76
urdu language typing,2,75,2.67%,10.77
english to urdu typing copy paste,2,74,2.7%,4.5
stylish urdu name,2,74,2.7%,5.54
urdu text generator copy and paste,2,74,2.7%,5.61
urdu pdf editor online,2,74,2.7%,8.01
roman urdu to urdu text,2,72,2.78%,5.85
urdu writing practice,2,72,2.78%,8.69
english to urdu typewriter,2,69,2.9%,13.32
urdu tools,2,69,2.9%,13.49
urdu stylish text font,2,67,2.99%,8.22
urdu reader online,2,63,3.17%,8.46
urdu in page typing,2,60,3.33%,4.6
urdu typ,2,59,3.39%,6.24
stylish name urdu font,2,59,3.39%,6.54
urdu type writer online,2,56,3.57%,3.77
keyboard urdu english,2,55,3.64%,8.95
stylish urdu fonts online,2,54,3.7%,7.85
urdu word copy paste,2,52,3.85%,6.25
urdu font generator online,2,51,3.92%,4.02
urdu name copy,2,51,3.92%,6.57
bold urdu text generator,2,49,4.08%,8.2
stylish typing urdu,2,48,4.17%,5.12
urdu clipboard,2,48,4.17%,6.77
urdu image to text converter online free,2,47,4.26%,6.34
write in urdu font,2,46,4.35%,6.22
urdu texts,2,46,4.35%,10.76
online urdu type,2,45,4.44%,5.33
edit urdu pdf online,2,44,4.55%,7.68
english to urdu stylish text generator,2,43,4.65%,4.6
urdu ms word,2,43,4.65%,7.51
urdu bold font generator,2,42,4.76%,8.12
writing urdu in english,2,41,4.88%,4.12
urdu style name,2,40,5%,6.17
urdu typing website,2,39,5.13%,5.26
online urdu typing master,2,39,5.13%,7.38
urdu font style online free,2,39,5.13%,7.51
font urdu copy paste,2,38,5.26%,6.47
urdu text copy from image,2,38,5.26%,6.5
name generator urdu,2,37,5.41%,5.86
urdu righting,2,37,5.41%,6.24
